{
    "data_Analysis_max": 55,
    "data_Samples": [
        {
            "15": 47,
            "16": 42,
            "17": 39,
            "18": 38,
            "19": 39
        },
        {
            "20": 42,
            "21": 46,
            "22": 50,
            "23": 53,
            "24": 54
        },
        {
            "25": 54,
            "26": 52,
            "27": 48,
            "28": 44,
            "29": 42
        },
        {
            "30": 42,
            "31": 44,
            "32": 48,
            "33": 51,
            "34": 55
        }
    ],
    "last_Batch_ID": 6,
    "request_For_Workload_ID": 1
}